telemetry_name,car_id,coverage_disposition,family,simhub_max_gears,related_record_id,research_readiness,recommended_action,identity_source,telemetry_class,live_observed_at,identity_file
Alpine A110 GT4 Evo,Alpine A110 GT4 Evo,covered-exact,gt,6,alpine-a110-gt4-evo,not-applicable,No verification needed; exact runtime identity is curated.,stored-car-file,,,Alpine A110 GT4 Evo.shcarsettings
Alpine A424,Alpine A424,covered-exact,other,7,alpine-a424,not-applicable,No verification needed; exact runtime identity is curated.,stored-car-file,,,Alpine A424.shcarsettings
Alpine A424 - Low Downforce,Alpine A424 - Low Downforce,covered-exact,other,,alpine-a424,not-applicable,No verification needed; exact runtime identity is curated.,stored-car-file,,,Alpine A424 - Low Downforce.shcarsettings
Aston Martin DBR9,Aston Martin DBR9,covered-exact,other,6,aston-martin-dbr9,not-applicable,No verification needed; exact runtime identity is curated.,stored-car-file,,,Aston Martin DBR9.shcarsettings
Aston Martin DBR9 - Low Downforce,Aston Martin DBR9 - Low Downforce,covered-exact,other,6,aston-martin-dbr9,not-applicable,No verification needed; exact runtime identity is curated.,stored-car-file,,,Aston Martin DBR9 - Low Downforce.shcarsettings
Aston Martin Valkyrie,Aston Martin Valkyrie,covered-exact,other,7,aston-martin-valkyrie,not-applicable,No verification needed; exact runtime identity is curated.,stored-car-file,,,Aston Martin Valkyrie.shcarsettings
Aston Martin Valkyrie Hypercar,Aston Martin Valkyrie Hypercar,covered-exact,other,8,aston-martin-valkyrie-hypercar,not-applicable,No verification needed; exact runtime identity is curated.,stored-car-file,,,Aston Martin Valkyrie Hypercar.shcarsettings
Aston Martin Vantage GT3 Evo,Aston Martin Vantage GT3 Evo,covered-exact,gt,6,aston-martin-vantage-gt3-evo,not-applicable,No verification needed; exact runtime identity is curated.,stored-car-file,,,Aston Martin Vantage GT3 Evo.shcarsettings
Aston Martin Vantage GT4 Evo,Aston Martin Vantage GT4 Evo,covered-exact,gt,6,aston-martin-vantage-gt4-evo,not-applicable,No verification needed; exact runtime identity is curated.,stored-car-file,,,Aston Martin Vantage GT4 Evo.shcarsettings
Aston Martin Vantage GTE,Aston Martin Vantage GTE,covered-exact,gt,6,aston-martin-vantage-gte,not-applicable,No verification needed; exact runtime identity is curated.,stored-car-file,,,Aston Martin Vantage GTE.shcarsettings
Audi R8 LMP1,Audi R8 LMP1,covered-exact,other,6,audi-r8-lmp1,not-applicable,No verification needed; exact runtime identity is curated.,stored-car-file,,,Audi R8 LMP1.shcarsettings
Audi R8 LMP1 - Low Downforce,Audi R8 LMP1 - Low Downforce,covered-exact,other,6,audi-r8-lmp1,not-applicable,No verification needed; exact runtime identity is curated.,stored-car-file,,,Audi R8 LMP1 - Low Downforce.shcarsettings
Audi R8 LMS GT3,Audi R8 LMS GT3,covered-exact,gt,6,audi-r8-lms-gt3,not-applicable,No verification needed; exact runtime identity is curated.,stored-car-file,,,Audi R8 LMS GT3.shcarsettings
Audi R8 LMS GT3 evo II,Audi R8 LMS GT3 evo II,covered-exact,gt,6,audi-r8-lms-gt3-evo-ii,not-applicable,No verification needed; exact runtime identity is curated.,stored-car-file,,,Audi R8 LMS GT3 evo II.shcarsettings
Audi R8 LMS GT3 evo II - Low Downforce,Audi R8 LMS GT3 evo II - Low Downforce,covered-exact,gt,,audi-r8-lms-gt3-evo-ii,not-applicable,No verification needed; exact runtime identity is curated.,stored-car-file,,,Audi R8 LMS GT3 evo II - Low Downforce.shcarsettings
Audi R8 LMS GT4,Audi R8 LMS GT4,covered-exact,gt,7,audi-r8-lms-gt4,not-applicable,No verification needed; exact runtime identity is curated.,stored-car-file,,,Audi R8 LMS GT4.shcarsettings
Audi R8 V10 GT,Audi R8 V10 GT,covered-exact,other,7,audi-r8-v10-gt,not-applicable,No verification needed; exact runtime identity is curated.,stored-car-file,,,Audi R8 V10 GT.shcarsettings
Audi V8 quattro DTM,Audi V8 quattro DTM,covered-exact,touring-stock,6,audi-v8-quattro-dtm,not-applicable,No verification needed; exact runtime identity is curated.,stored-car-file,,,Audi V8 quattro DTM.shcarsettings
BMW 2002 Turbo,BMW 2002 Turbo,covered-exact,other,5,bmw-2002-turbo,legacy-controls-candidate-available,No verification needed; exact runtime identity is curated.,stored-car-file,,,BMW 2002 Turbo.shcarsettings
BMW 320 Turbo Gr5,BMW 320 Turbo Gr5,third-party-content,touring-stock,4,,not-applicable,Reviewed as third-party content that AMS2 never shipped; outside the curated scope of official simulator cars.,stored-car-file,,,BMW 320 Turbo Gr5.shcarsettings
BMW M Hybrid V8,BMW M Hybrid V8,covered-exact,prototype,7,bmw-m-hybrid-v8,legacy-controls-candidate-available,No verification needed; exact runtime identity is curated.,stored-car-file,,,BMW M Hybrid V8.shcarsettings
BMW M Hybrid V8 - Low Downforce,BMW M Hybrid V8 - Low Downforce,covered-exact,prototype,,bmw-m-hybrid-v8,not-applicable,No verification needed; exact runtime identity is curated.,stored-car-file,,,BMW M Hybrid V8 - Low Downforce.shcarsettings
BMW M1 Procar,BMW M1 Procar,covered-exact,touring-stock,5,bmw-m1-procar,legacy-controls-candidate-available,No verification needed; exact runtime identity is curated.,stored-car-file,,,BMW M1 Procar.shcarsettings
BMW M3 E46 GTR,BMW M3 E46 GTR,covered-exact,other,6,bmw-m3-e46-gtr,not-applicable,No verification needed; exact runtime identity is curated.,stored-car-file,,,BMW M3 E46 GTR.shcarsettings
BMW M3 Safety Car,BMW M3 Safety Car,out-of-scope,other,,,not-applicable,Reviewed as outside product scope; no controls are curated for it.,stored-car-file,,,BMW M3 Safety Car.shcarsettings
BMW M3 Sport Evo Group A,BMW M3 Sport Evo Group A,covered-exact,touring-stock,5,bmw-m3-sport-evo-group-a,not-applicable,No verification needed; exact runtime identity is curated.,stored-car-file,,,BMW M3 Sport Evo Group A.shcarsettings
BMW M4 GT3,BMW M4 GT3,covered-exact,gt,6,bmw-m4-gt3,legacy-controls-candidate-available,No verification needed; exact runtime identity is curated.,stored-car-file,,,BMW M4 GT3.shcarsettings
BMW M4 GT3 - Low Downforce,BMW M4 GT3 - Low Downforce,covered-exact,gt,6,bmw-m4-gt3,not-applicable,No verification needed; exact runtime identity is curated.,stored-car-file,,,BMW M4 GT3 - Low Downforce.shcarsettings
BMW M4 GT4,BMW M4 GT4,covered-exact,gt,7,bmw-m4-gt4,legacy-controls-candidate-available,No verification needed; exact runtime identity is curated.,stored-car-file,,,BMW M4 GT4.shcarsettings
BMW M6 GT3,BMW M6 GT3,covered-exact,gt,6,bmw-m6-gt3,legacy-controls-candidate-available,No verification needed; exact runtime identity is curated.,stored-car-file,,,BMW M6 GT3.shcarsettings
Brabham BMW BT52,Brabham BMW BT52,covered-exact,open-wheel,5,brabham-bmw-bt52,not-applicable,No verification needed; exact runtime identity is curated.,stored-car-file,,,Brabham BMW BT52.shcarsettings
Brabham BT26A,Brabham BT26A,covered-exact,open-wheel,5,brabham-bt26a,legacy-controls-candidate-available,No verification needed; exact runtime identity is curated.,stored-car-file,,,Brabham BT26A.shcarsettings
Cadillac DPi-VR,Cadillac DPi-VR,covered-exact,other,6,cadillac-dpi-vr,not-applicable,No verification needed; exact runtime identity is curated.,stored-car-file,,,Cadillac DPi-VR.shcarsettings
Cadillac V-Series.R,Cadillac V-Series.R,covered-exact,other,7,cadillac-v-series-r,legacy-controls-candidate-available,No verification needed; exact runtime identity is curated.,stored-car-file,,,Cadillac V-Series.R.shcarsettings
Cadillac V-Series.R - Low Downforce,Cadillac V-Series.R - Low Downforce,covered-exact,other,,cadillac-v-series-r,not-applicable,No verification needed; exact runtime identity is curated.,stored-car-file,,,Cadillac V-Series.R - Low Downforce.shcarsettings
Caterham Academy,Caterham Academy,covered-exact,club-road,5,caterham-academy,not-applicable,No verification needed; exact runtime identity is curated.,stored-car-file,,,Caterham Academy.shcarsettings
Caterham Supersport,Caterham Supersport,covered-exact,club-road,5,caterham-supersport,not-applicable,No verification needed; exact runtime identity is curated.,stored-car-file,,,Caterham Supersport.shcarsettings
Chevrolet Camaro GT4.R,Chevrolet Camaro GT4.R,covered-exact,gt,6,chevrolet-camaro-gt4-r,not-applicable,No verification needed; exact runtime identity is curated.,stored-car-file,,,Chevrolet Camaro GT4.R.shcarsettings
Chevrolet Chevette,Chevrolet Chevette,covered-exact,club-road,5,chevrolet-chevette,legacy-controls-candidate-available,No verification needed; exact runtime identity is curated.,stored-car-file,,,Chevrolet Chevette.shcarsettings
Chevrolet Corvette C3,Chevrolet Corvette C3,covered-exact,other,4,chevrolet-corvette-c3,legacy-controls-candidate-available,No verification needed; exact runtime identity is curated.,stored-car-file,,,Chevrolet Corvette C3.shcarsettings
Chevrolet Corvette C3-R,Chevrolet Corvette C3-R,covered-exact,other,4,chevrolet-corvette-c3-r,not-applicable,No verification needed; exact runtime identity is curated.,stored-car-file,,,Chevrolet Corvette C3-R.shcarsettings
Chevrolet Corvette C3.R,Chevrolet Corvette C3.R,covered-exact,other,4,chevrolet-corvette-c3-r,legacy-controls-candidate-available,No verification needed; exact runtime identity is curated.,stored-car-file,,,Chevrolet Corvette C3.R.shcarsettings
Chevrolet Corvette C3.R Convertible,Chevrolet Corvette C3.R Convertible,covered-exact,other,4,chevrolet-corvette-c3-r-convertible,not-applicable,No verification needed; exact runtime identity is curated.,stored-car-file,,,Chevrolet Corvette C3.R Convertible.shcarsettings
Chevrolet Corvette C5-R,Chevrolet Corvette C5-R,covered-exact,other,13,chevrolet-corvette-c5-r,not-applicable,No verification needed; exact runtime identity is curated.,stored-car-file,,,Chevrolet Corvette C5-R.shcarsettings
Chevrolet Corvette C5-R - Low Downforce,Chevrolet Corvette C5-R - Low Downforce,covered-exact,other,6,chevrolet-corvette-c5-r,not-applicable,No verification needed; exact runtime identity is curated.,stored-car-file,,,Chevrolet Corvette C5-R - Low Downforce.shcarsettings
Chevrolet Corvette C8 Z06 (+Z07 Upgrade),Chevrolet Corvette C8 Z06 (+Z07 Upgrade),covered-exact,other,8,chevrolet-corvette-c8-z06-z07-upgrade,not-applicable,No verification needed; exact runtime identity is curated.,stored-car-file,,,Chevrolet Corvette C8 Z06 (+Z07 Upgrade).shcarsettings
Chevrolet Corvette C8.R,Chevrolet Corvette C8.R,covered-exact,gt,6,chevrolet-corvette-c8-r,legacy-controls-candidate-available,No verification needed; exact runtime identity is curated.,stored-car-file,,,Chevrolet Corvette C8.R.shcarsettings
Chevrolet Corvette GTP,Chevrolet Corvette GTP,covered-exact,prototype,5,chevrolet-corvette-gtp,legacy-controls-candidate-available,No verification needed; exact runtime identity is curated.,stored-car-file,,,Chevrolet Corvette GTP.shcarsettings
Chevrolet Corvette GTP - Low Downforce,Chevrolet Corvette GTP - Low Downforce,covered-exact,prototype,5,chevrolet-corvette-gtp,not-applicable,No verification needed; exact runtime identity is curated.,stored-car-file,,,Chevrolet Corvette GTP - Low Downforce.shcarsettings
Chevrolet Corvette Z06 GT3.R,Chevrolet Corvette Z06 GT3.R,covered-exact,gt,6,chevrolet-corvette-z06-gt3r,not-applicable,No verification needed; exact runtime identity is curated.,stored-car-file,,,Chevrolet Corvette Z06 GT3.R.shcarsettings
Chevrolet Corvette Z06 GT3.R - Low Downforce,Chevrolet Corvette Z06 GT3.R - Low Downforce,covered-exact,gt,6,chevrolet-corvette-z06-gt3r,not-applicable,No verification needed; exact runtime identity is curated.,stored-car-file,,,Chevrolet Corvette Z06 GT3.R - Low Downforce.shcarsettings
Chevrolet Cruze Stock Car 2024,Chevrolet Cruze Stock Car 2024,covered-exact,touring-stock,149,chevrolet-cruze-stock-car-2024,not-applicable,No verification needed; exact runtime identity is curated.,stored-car-file,,,Chevrolet Cruze Stock Car 2024.shcarsettings
Chevrolet Omega Stock Car 1999,Chevrolet Omega Stock Car 1999,covered-exact,touring-stock,5,chevrolet-omega-stock-car-1999,not-applicable,No verification needed; exact runtime identity is curated.,stored-car-file,,,Chevrolet Omega Stock Car 1999.shcarsettings
Copa Fusca,Copa Fusca,covered-exact,club-road,4,copa-fusca,not-applicable,No verification needed; exact runtime identity is curated.,stored-car-file,,,Copa Fusca.shcarsettings
Courage C60 Hybrid,Courage C60 Hybrid,covered-exact,prototype,6,courage-c60-hybrid,not-applicable,No verification needed; exact runtime identity is curated.,stored-car-file,,,Courage C60 Hybrid.shcarsettings
Courage C60 Hybrid - Low Downforce,Courage C60 Hybrid - Low Downforce,covered-exact,prototype,6,courage-c60-hybrid,not-applicable,No verification needed; exact runtime identity is curated.,stored-car-file,,,Courage C60 Hybrid - Low Downforce.shcarsettings
Dallara F301,Dallara F301,covered-exact,other,5,f301,not-applicable,No verification needed; exact runtime identity is curated.,stored-car-file,,,Dallara F301.shcarsettings
Dallara F309,Dallara F309,covered-exact,other,6,f309,not-applicable,No verification needed; exact runtime identity is curated.,stored-car-file,,,Dallara F309.shcarsettings
Dallara SP1,Dallara SP1,covered-exact,other,6,dallara-sp1,not-applicable,No verification needed; exact runtime identity is curated.,stored-car-file,,,Dallara SP1.shcarsettings
Dallara SP1 - Low Downforce,Dallara SP1 - Low Downforce,covered-exact,other,,dallara-sp1,not-applicable,No verification needed; exact runtime identity is curated.,stored-car-file,,,Dallara SP1 - Low Downforce.shcarsettings
Dodge Viper ACR,Dodge Viper ACR,covered-exact,other,6,dodge-viper-acr,not-applicable,No verification needed; exact runtime identity is curated.,stored-car-file,,,Dodge Viper ACR.shcarsettings
Dodge Viper GTS-R,Dodge Viper GTS-R,covered-exact,other,10,dodge-viper-gts-r,not-applicable,No verification needed; exact runtime identity is curated.,stored-car-file,,,Dodge Viper GTS-R.shcarsettings
Dodge Viper GTS-R - Low Downforce,Dodge Viper GTS-R - Low Downforce,covered-exact,other,6,dodge-viper-gts-r,not-applicable,No verification needed; exact runtime identity is curated.,stored-car-file,,,Dodge Viper GTS-R - Low Downforce.shcarsettings
FIA-GT1 Lamborghini Murcielago R-SV GT1,FIA-GT1 Lamborghini Murcielago R-SV GT1,third-party-content,gt,6,,not-applicable,Reviewed as third-party content that AMS2 never shipped; outside the curated scope of official simulator cars.,stored-car-file,,,FIA-GT1 Lamborghini Murcielago R-SV GT1.shcarsettings
FIA-GT1 Maserati MC12 GT1,FIA-GT1 Maserati MC12 GT1,third-party-content,gt,6,,not-applicable,Reviewed as third-party content that AMS2 never shipped; outside the curated scope of official simulator cars.,stored-car-file,,,FIA-GT1 Maserati MC12 GT1.shcarsettings
Formula Classic Gen1 Model1,Formula Classic Gen1 Model1,covered-exact,open-wheel,5,formula-classic-gen1-model1,not-applicable,No verification needed; exact runtime identity is curated.,stored-car-file,,,Formula Classic Gen1 Model1.shcarsettings
Formula Classic Gen1 Model2,Formula Classic Gen1 Model2,covered-exact,open-wheel,5,formula-classic-gen1-model2,not-applicable,No verification needed; exact runtime identity is curated.,stored-car-file,,,Formula Classic Gen1 Model2.shcarsettings
Formula Classic Gen2 Model1,Formula Classic Gen2 Model1,covered-exact,open-wheel,6,formula-classic-gen2-model1,not-applicable,No verification needed; exact runtime identity is curated.,stored-car-file,,,Formula Classic Gen2 Model1.shcarsettings
Formula Classic Gen2 Model2,Formula Classic Gen2 Model2,covered-exact,open-wheel,6,formula-classic-gen2-model2,not-applicable,No verification needed; exact runtime identity is curated.,stored-car-file,,,Formula Classic Gen2 Model2.shcarsettings
Formula Classic Gen3 Model1,Formula Classic Gen3 Model1,covered-exact,open-wheel,6,formula-classic-gen3-model1,not-applicable,No verification needed; exact runtime identity is curated.,stored-car-file,,,Formula Classic Gen3 Model1.shcarsettings
Formula Classic Gen4 Model1,Formula Classic Gen4 Model1,covered-exact,open-wheel,7,formula-classic-gen4-model1,not-applicable,No verification needed; exact runtime identity is curated.,stored-car-file,,,Formula Classic Gen4 Model1.shcarsettings
Formula Classic Gen4 Model2 - Low Downforce,Formula Classic Gen4 Model2 - Low Downforce,covered-exact,open-wheel,6,formula-classic-gen4-model2,not-applicable,No verification needed; exact runtime identity is curated.,stored-car-file,,,Formula Classic Gen4 Model2 - Low Downforce.shcarsettings
Formula Edge Model1,Formula Edge Model1,covered-exact,open-wheel,9,formula-edge-model1,not-applicable,No verification needed; exact runtime identity is curated.,stored-car-file,,,Formula Edge Model1.shcarsettings
Formula Edge Model1 - High Downforce,Formula Edge Model1 - High Downforce,covered-exact,open-wheel,6,formula-edge-model1,not-applicable,No verification needed; exact runtime identity is curated.,stored-car-file,,,Formula Edge Model1 - High Downforce.shcarsettings
Formula Edge Model2,Formula Edge Model2,covered-exact,open-wheel,7,formula-edge-model2,not-applicable,No verification needed; exact runtime identity is curated.,stored-car-file,,,Formula Edge Model2.shcarsettings
Formula Edge Model2 - High Downforce,Formula Edge Model2 - High Downforce,covered-exact,open-wheel,7,formula-edge-model2,not-applicable,No verification needed; exact runtime identity is curated.,stored-car-file,,,Formula Edge Model2 - High Downforce.shcarsettings
Formula Edge Model3,Formula Edge Model3,covered-exact,open-wheel,6,formula-edge-model3,not-applicable,No verification needed; exact runtime identity is curated.,stored-car-file,,,Formula Edge Model3.shcarsettings
Formula Edge Model3 - High Downforce,Formula Edge Model3 - High Downforce,covered-exact,open-wheel,6,formula-edge-model3,not-applicable,No verification needed; exact runtime identity is curated.,stored-car-file,,,Formula Edge Model3 - High Downforce.shcarsettings
Formula HiTech Gen1 Model1,Formula HiTech Gen1 Model1,covered-exact,open-wheel,7,formula-hitech-gen1-model1,not-applicable,No verification needed; exact runtime identity is curated.,stored-car-file,,,Formula HiTech Gen1 Model1.shcarsettings
Formula HiTech Gen1 Model2,Formula HiTech Gen1 Model2,covered-exact,open-wheel,6,formula-hitech-gen1-model2,not-applicable,No verification needed; exact runtime identity is curated.,stored-car-file,,,Formula HiTech Gen1 Model2.shcarsettings
Formula HiTech Gen1 Model4,Formula HiTech Gen1 Model4,covered-exact,open-wheel,6,formula-hitech-gen1-model4,not-applicable,No verification needed; exact runtime identity is curated.,stored-car-file,,,Formula HiTech Gen1 Model4.shcarsettings
Formula HiTech Gen2 Model1,Formula HiTech Gen2 Model1,covered-exact,open-wheel,6,formula-hitech-gen2-model1,not-applicable,No verification needed; exact runtime identity is curated.,stored-car-file,,,Formula HiTech Gen2 Model1.shcarsettings
Formula HiTech Gen2 Model2,Formula HiTech Gen2 Model2,covered-exact,open-wheel,6,formula-hitech-gen2-model2,not-applicable,No verification needed; exact runtime identity is curated.,stored-car-file,,,Formula HiTech Gen2 Model2.shcarsettings
Formula HiTech Gen2 Model3,Formula HiTech Gen2 Model3,covered-exact,open-wheel,5,formula-hitech-gen2-model3,not-applicable,No verification needed; exact runtime identity is curated.,stored-car-file,,,Formula HiTech Gen2 Model3.shcarsettings
Formula Inter MG-15,Formula Inter MG-15,covered-exact,open-wheel,5,formula-inter-mg15,not-applicable,No verification needed; exact runtime identity is curated.,stored-car-file,,,Formula Inter MG-15.shcarsettings
Formula Junior,Formula Junior,covered-exact,open-wheel,4,formula-junior,legacy-controls-candidate-available,No verification needed; exact runtime identity is curated.,stored-car-file,,,Formula Junior.shcarsettings
Formula Reiza,Formula Reiza,covered-exact,open-wheel,7,formula-reiza,legacy-controls-candidate-available,No verification needed; exact runtime identity is curated.,stored-car-file,,,Formula Reiza.shcarsettings
Formula Retro Gen2,Formula Retro Gen2,covered-exact,open-wheel,5,formula-retro-gen2,legacy-controls-candidate-available,No verification needed; exact runtime identity is curated.,stored-car-file,,,Formula Retro Gen2.shcarsettings
Formula Retro V12,Formula Retro V12,covered-exact,open-wheel,5,formula-retro-v12,legacy-controls-candidate-available,No verification needed; exact runtime identity is curated.,stored-car-file,,,Formula Retro V12.shcarsettings
Formula Trainer,Formula Trainer,covered-exact,open-wheel,4,formula-trainer,legacy-controls-candidate-available,No verification needed; exact runtime identity is curated.,stored-car-file,,,Formula Trainer.shcarsettings
Formula Trainer Advanced,Formula Trainer Advanced,covered-exact,open-wheel,4,formula-trainer-advanced,legacy-controls-candidate-available,No verification needed; exact runtime identity is curated.,stored-car-file,,,Formula Trainer Advanced.shcarsettings
Formula Ultimate Gen2,Formula Ultimate Gen2,retired-identity,open-wheel,8,formula-ultimate-2022,not-applicable,Reviewed as a retired pre-rename identity; superseded by Formula Ultimate Hybrid Gen3. No guided drive is scheduled.,stored-car-file,,,Formula Ultimate Gen2.shcarsettings
Formula Ultimate Hybrid Gen1,Formula Ultimate Hybrid Gen1,covered-exact,open-wheel,8,formula-ultimate-2019,not-applicable,No verification needed; exact runtime identity is curated.,stored-car-file,,,Formula Ultimate Hybrid Gen1.shcarsettings
Formula Ultimate Hybrid Gen1 - High Downforce,Formula Ultimate Hybrid Gen1 - High Downforce,covered-exact,open-wheel,8,formula-ultimate-2019,not-applicable,No verification needed; exact runtime identity is curated.,stored-car-file,,,Formula Ultimate Hybrid Gen1 - High Downforce.shcarsettings
Formula Ultimate Hybrid Gen2 - High Downforce,Formula Ultimate Hybrid Gen2 - High Downforce,covered-exact,open-wheel,8,formula-ultimate-hybrid-gen2,not-applicable,No verification needed; exact runtime identity is curated.,stored-car-file,,,Formula Ultimate Hybrid Gen2 - High Downforce.shcarsettings
Formula Ultimate Hybrid Gen3 - High Downforce,Formula Ultimate Hybrid Gen3 - High Downforce,covered-exact,open-wheel,8,formula-ultimate-2022,not-applicable,No verification needed; exact runtime identity is curated.,stored-car-file,,,Formula Ultimate Hybrid Gen3 - High Downforce.shcarsettings
Formula USA 2023,Formula USA 2023,covered-exact,open-wheel,6,formula-usa-2023,not-applicable,No verification needed; exact runtime identity is curated.,stored-car-file,,,Formula USA 2023.shcarsettings
Formula USA 2023 - High Downforce,Formula USA 2023 - High Downforce,covered-exact,open-wheel,6,formula-usa-2023,not-applicable,No verification needed; exact runtime identity is curated.,stored-car-file,,,Formula USA 2023 - High Downforce.shcarsettings
Formula V10 Gen2,Formula V10 Gen2,retired-identity,open-wheel,7,,not-applicable,"Reviewed as a retired pre-rename identity; superseded by Formula V10 Gen2 (B) - High Downforce, Formula V10 Gen2 (M) - High Downforce. No guided drive is scheduled.",stored-car-file,,,Formula V10 Gen2.shcarsettings
Formula V10 Gen2 (B) - High Downforce,Formula V10 Gen2 (B) - High Downforce,covered-exact,open-wheel,7,formula-v10-g2,not-applicable,No verification needed; exact runtime identity is curated.,stored-car-file,,,Formula V10 Gen2 (B) - High Downforce.shcarsettings
Formula V10 Gen2 (M) - High Downforce,Formula V10 Gen2 (M) - High Downforce,covered-exact,open-wheel,,formula-v10-g2,not-applicable,No verification needed; exact runtime identity is curated.,stored-car-file,,,Formula V10 Gen2 (M) - High Downforce.shcarsettings
Formula V10 Gen3 (B) - High Downforce,Formula V10 Gen3 (B) - High Downforce,covered-exact,open-wheel,7,formula-v10-gen3-b,not-applicable,No verification needed; exact runtime identity is curated.,stored-car-file,,,Formula V10 Gen3 (B) - High Downforce.shcarsettings
Formula V10 Gen3 (M) - High Downforce,Formula V10 Gen3 (M) - High Downforce,covered-exact,open-wheel,7,formula-v10-gen3-m,not-applicable,No verification needed; exact runtime identity is curated.,stored-car-file,,,Formula V10 Gen3 (M) - High Downforce.shcarsettings
Formula V12,Formula V12,retired-identity,open-wheel,6,formula-edge-model1,legacy-controls-candidate-available,Reviewed as a retired pre-rename identity; superseded by Formula Edge Model1. No guided drive is scheduled.,stored-car-file,,,Formula V12.shcarsettings
Formula V8 Gen1 (B),Formula V8 Gen1 (B),covered-exact,open-wheel,7,formula-v8-gen1-b,not-applicable,No verification needed; exact runtime identity is curated.,stored-car-file,,,Formula V8 Gen1 (B).shcarsettings
Formula V8 Gen1 (B) - High Downforce,Formula V8 Gen1 (B) - High Downforce,covered-exact,open-wheel,7,formula-v8-gen1-b,not-applicable,No verification needed; exact runtime identity is curated.,stored-car-file,,,Formula V8 Gen1 (B) - High Downforce.shcarsettings
Formula V8 Gen1 (M) - High Downforce,Formula V8 Gen1 (M) - High Downforce,covered-exact,open-wheel,7,formula-v8-gen1-m,not-applicable,No verification needed; exact runtime identity is curated.,stored-car-file,,,Formula V8 Gen1 (M) - High Downforce.shcarsettings
Formula V8 Gen2 - High Downforce,Formula V8 Gen2 - High Downforce,covered-exact,open-wheel,7,formula-v8-gen2,not-applicable,No verification needed; exact runtime identity is curated.,stored-car-file,,,Formula V8 Gen2 - High Downforce.shcarsettings
Formula V8 Gen3 - High Downforce,Formula V8 Gen3 - High Downforce,covered-exact,open-wheel,7,formula-reiza,not-applicable,No verification needed; exact runtime identity is curated.,stored-car-file,,,Formula V8 Gen3 - High Downforce.shcarsettings
Formula Vee Fin,Formula Vee Fin,retired-identity,open-wheel,4,formula-vee-fin,not-applicable,Reviewed as a retired pre-rename identity; superseded by Formula Vee Gen1 + Fin. No guided drive is scheduled.,stored-car-file,,,Formula Vee Fin.shcarsettings
Formula Vee Gen1,Formula Vee Gen1,covered-exact,open-wheel,4,formula-vee-gen1,not-applicable,No verification needed; exact runtime identity is curated.,stored-car-file,,,Formula Vee Gen1.shcarsettings
Formula Vee Gen1 + Fin,Formula Vee Gen1 + Fin,covered-exact,open-wheel,4,formula-vee-fin,not-applicable,No verification needed; exact runtime identity is curated.,stored-car-file,,,Formula Vee Gen1 + Fin.shcarsettings
Formula Vee Gen2,Formula Vee Gen2,covered-exact,open-wheel,5,formula-vee-gen2,not-applicable,No verification needed; exact runtime identity is curated.,stored-car-file,,,Formula Vee Gen2.shcarsettings
Formula Vintage Gen1 Model1,Formula Vintage Gen1 Model1,covered-exact,open-wheel,5,formula-vintage-gen1-model1,not-applicable,No verification needed; exact runtime identity is curated.,stored-car-file,,,Formula Vintage Gen1 Model1.shcarsettings
Formula Vintage Gen1 Model2,Formula Vintage Gen1 Model2,covered-exact,open-wheel,5,formula-vintage-gen1-model2,not-applicable,No verification needed; exact runtime identity is curated.,stored-car-file,,,Formula Vintage Gen1 Model2.shcarsettings
Gillet Vertigo Streiff,Gillet Vertigo Streiff,covered-exact,other,6,gillet-vertigo-streiff,not-applicable,No verification needed; exact runtime identity is curated.,stored-car-file,,,Gillet Vertigo Streiff.shcarsettings
Ginetta G40,Ginetta G40,covered-exact,club-road,7,ginetta-g40,legacy-controls-candidate-available,No verification needed; exact runtime identity is curated.,stored-car-file,,,Ginetta G40.shcarsettings
Ginetta G40 Cup,Ginetta G40 Cup,covered-exact,club-road,5,ginetta-g40-cup,not-applicable,No verification needed; exact runtime identity is curated.,stored-car-file,,,Ginetta G40 Cup.shcarsettings
Ginetta G55 GT3,Ginetta G55 GT3,covered-exact,gt,6,ginetta-g55-gt3,legacy-controls-candidate-available,No verification needed; exact runtime identity is curated.,stored-car-file,,,Ginetta G55 GT3.shcarsettings
Ginetta G55 GT4,Ginetta G55 GT4,covered-exact,gt,6,ginetta-g55-gt4,legacy-controls-candidate-available,No verification needed; exact runtime identity is curated.,stored-car-file,,,Ginetta G55 GT4.shcarsettings
Ginetta G55 GT4 Supercup,Ginetta G55 GT4 Supercup,covered-exact,gt,6,ginetta-g55-gt4-supercup,not-applicable,No verification needed; exact runtime identity is curated.,stored-car-file,,,Ginetta G55 GT4 Supercup.shcarsettings
Gol Classic B,Gol Classic B,covered-exact,club-road,5,gol-classic-b,not-applicable,No verification needed; exact runtime identity is curated.,stored-car-file,,,Gol Classic B.shcarsettings
Gol Classic FL,Gol Classic FL,covered-exact,club-road,4,gol-classic-fl,not-applicable,No verification needed; exact runtime identity is curated.,stored-car-file,,,Gol Classic FL.shcarsettings
Lamborghini Diablo SV-R,Lamborghini Diablo SV-R,covered-exact,other,5,lamborghini-diablo-sv-r,not-applicable,No verification needed; exact runtime identity is curated.,stored-car-file,,,Lamborghini Diablo SV-R.shcarsettings
Lamborghini Huracan GT3 EVO2,Lamborghini Huracan GT3 EVO2,covered-exact,gt,119,lamborghini-huracan-gt3-evo2,not-applicable,No verification needed; exact runtime identity is curated.,stored-car-file,,,Lamborghini Huracan GT3 EVO2.shcarsettings
Lamborghini Huracan GT3 EVO2 - Low Downforce,Lamborghini Huracan GT3 EVO2 - Low Downforce,covered-exact,gt,6,lamborghini-huracan-gt3-evo2,not-applicable,No verification needed; exact runtime identity is curated.,stored-car-file,,,Lamborghini Huracan GT3 EVO2 - Low Downforce.shcarsettings
Lamborghini Huracan Super Trofeo EVO2,Lamborghini Huracan Super Trofeo EVO2,covered-exact,other,75,lamborghini-huracan-super-trofeo-evo2,not-applicable,No verification needed; exact runtime identity is curated.,stored-car-file,,,Lamborghini Huracan Super Trofeo EVO2.shcarsettings
Lamborghini Miura SV,Lamborghini Miura SV,covered-exact,other,5,lamborghini-miura-sv,not-applicable,No verification needed; exact runtime identity is curated.,stored-car-file,,,Lamborghini Miura SV.shcarsettings
Lamborghini Murcielago R-GT,Lamborghini Murcielago R-GT,covered-exact,other,6,lamborghini-murcielago-r-gt,not-applicable,No verification needed; exact runtime identity is curated.,stored-car-file,,,Lamborghini Murcielago R-GT.shcarsettings
Lamborghini Murcielago R-GT - Low Downforce,Lamborghini Murcielago R-GT - Low Downforce,covered-exact,other,6,lamborghini-murcielago-r-gt,not-applicable,No verification needed; exact runtime identity is curated.,stored-car-file,,,Lamborghini Murcielago R-GT - Low Downforce.shcarsettings
Lamborghini Revuelto,Lamborghini Revuelto,covered-exact,other,8,lamborghini-revuelto,not-applicable,No verification needed; exact runtime identity is curated.,stored-car-file,,,Lamborghini Revuelto.shcarsettings
Lamborghini SC63,Lamborghini SC63,covered-exact,other,20,lamborghini-sc63,not-applicable,No verification needed; exact runtime identity is curated.,stored-car-file,,,Lamborghini SC63.shcarsettings
Lamborghini SC63 - Low Downforce,Lamborghini SC63 - Low Downforce,covered-exact,other,7,lamborghini-sc63,not-applicable,No verification needed; exact runtime identity is curated.,stored-car-file,,,Lamborghini SC63 - Low Downforce.shcarsettings
Lamborghini Veneno Roadster,Lamborghini Veneno Roadster,covered-exact,other,7,lamborghini-veneno-roadster,not-applicable,No verification needed; exact runtime identity is curated.,stored-car-file,,,Lamborghini Veneno Roadster.shcarsettings
LamborghiniHuracanLP6202SuperTrofeo,LamborghiniHuracanLP6202SuperTrofeo,third-party-content,other,6,,not-applicable,Reviewed as third-party content that AMS2 never shipped; outside the curated scope of official simulator cars.,stored-car-file,,,LamborghiniHuracanLP6202SuperTrofeo.shcarsettings
Ligier JS P217,Ligier JS P217,covered-exact,other,6,ligier-js-p217,not-applicable,No verification needed; exact runtime identity is curated.,stored-car-file,,,Ligier JS P217.shcarsettings
Ligier JS P320,Ligier JS P320,covered-exact,other,6,ligier-js-p320,not-applicable,No verification needed; exact runtime identity is curated.,stored-car-file,,,Ligier JS P320.shcarsettings
Ligier JS P4,Ligier JS P4,covered-exact,other,7,ligier-js-p4,not-applicable,No verification needed; exact runtime identity is curated.,stored-car-file,,,Ligier JS P4.shcarsettings
Ligier JS2 R,Ligier JS2 R,covered-exact,other,6,ligier-js2-r,not-applicable,No verification needed; exact runtime identity is curated.,stored-car-file,,,Ligier JS2 R.shcarsettings
Lister Storm GTM,Lister Storm GTM,covered-exact,other,6,lister-storm-gtm,not-applicable,No verification needed; exact runtime identity is curated.,stored-car-file,,,Lister Storm GTM.shcarsettings
Lola B05/40 Turbo,Lola B05/40 Turbo,covered-exact,other,6,lola-b05-40-turbo,not-applicable,No verification needed; exact runtime identity is curated.,stored-car-file,,,Lola B05_40 Turbo.shcarsettings
Lola B05/40 V8,Lola B05/40 V8,covered-exact,other,6,lola-b05-40-v8,not-applicable,No verification needed; exact runtime identity is curated.,stored-car-file,,,Lola B05_40 V8.shcarsettings
Lola B05/40 V8 - Low Downforce,Lola B05/40 V8 - Low Downforce,covered-exact,other,,lola-b05-40-v8,not-applicable,No verification needed; exact runtime identity is curated.,stored-car-file,,,Lola B05_40 V8 - Low Downforce.shcarsettings
Lola T95/00 Ford-Cosworth,Lola T95/00 Ford-Cosworth,covered-exact,open-wheel,6,lola-t95-00-ford-cosworth,legacy-controls-candidate-available,No verification needed; exact runtime identity is curated.,stored-car-file,,,Lola T95_00 Ford-Cosworth.shcarsettings
Lola T95/00 Mercedes-Benz,Lola T95/00 Mercedes-Benz,covered-exact,open-wheel,5,lola-t95-00-mercedes-benz,legacy-controls-candidate-available,No verification needed; exact runtime identity is curated.,stored-car-file,,,Lola T95_00 Mercedes-Benz.shcarsettings
Lola T98/00 Ford-Cosworth,Lola T98/00 Ford-Cosworth,covered-exact,open-wheel,6,lola-t98-00-ford-cosworth,legacy-controls-candidate-available,No verification needed; exact runtime identity is curated.,stored-car-file,,,Lola T98_00 Ford-Cosworth.shcarsettings
Lotus 49C,Lotus 49C,covered-exact,open-wheel,5,lotus-49c,not-applicable,No verification needed; exact runtime identity is curated.,stored-car-file,,,Lotus 49C.shcarsettings
Lotus 98T,Lotus 98T,retired-identity,open-wheel,5,lotus-renault-98t,legacy-controls-candidate-available,"Reviewed as a retired pre-rename identity; superseded by Lotus Renault 98T - High Downforce, Lotus Renault 98T. No guided drive is scheduled.",stored-car-file,,,Lotus 98T.shcarsettings
Maserati GranSport Trofeo,Maserati GranSport Trofeo,covered-exact,other,6,maserati-gransport-trofeo,not-applicable,No verification needed; exact runtime identity is curated.,stored-car-file,,,Maserati GranSport Trofeo.shcarsettings
Maserati GT2 Stradale,Maserati GT2 Stradale,covered-exact,other,8,maserati-gt2-stradale,not-applicable,No verification needed; exact runtime identity is curated.,stored-car-file,,,Maserati GT2 Stradale.shcarsettings
Maserati MC12 GT1,Maserati MC12 GT1,covered-exact,gt,6,maserati-mc12-gt1,not-applicable,No verification needed; exact runtime identity is curated.,stored-car-file,,,Maserati MC12 GT1.shcarsettings
Maserati MC12 GT1 - Low Downforce,Maserati MC12 GT1 - Low Downforce,covered-exact,gt,6,maserati-mc12-gt1,not-applicable,No verification needed; exact runtime identity is curated.,stored-car-file,,,Maserati MC12 GT1 - Low Downforce.shcarsettings
Mazda 787b,Mazda 787b,third-party-content,prototype,5,,not-applicable,Reviewed as third-party content that AMS2 never shipped; outside the curated scope of official simulator cars.,stored-car-file,,,Mazda 787b.shcarsettings
McLaren 570S GT4,McLaren 570S GT4,covered-exact,gt,7,mclaren-570s-gt4,not-applicable,No verification needed; exact runtime identity is curated.,stored-car-file,,,McLaren 570S GT4.shcarsettings
McLaren 720S GT3 Evo,McLaren 720S GT3 Evo,covered-exact,gt,6,mclaren-720s-gt3-evo,not-applicable,No verification needed; exact runtime identity is curated.,stored-car-file,,,McLaren 720S GT3 Evo.shcarsettings
McLaren 720S GT3 Evo - Low Downforce,McLaren 720S GT3 Evo - Low Downforce,covered-exact,gt,6,mclaren-720s-gt3-evo,not-applicable,No verification needed; exact runtime identity is curated.,stored-car-file,,,McLaren 720S GT3 Evo - Low Downforce.shcarsettings
McLaren Cosworth MP4/1C,McLaren Cosworth MP4/1C,covered-exact,open-wheel,5,mclaren-cosworth-mp4-1c,not-applicable,No verification needed; exact runtime identity is curated.,stored-car-file,,,McLaren Cosworth MP4_1C.shcarsettings
McLaren Cosworth MP4/8,McLaren Cosworth MP4/8,covered-exact,open-wheel,5,mclaren-cosworth-mp4-8,not-applicable,No verification needed; exact runtime identity is curated.,stored-car-file,,,McLaren Cosworth MP4_8.shcarsettings
McLaren F1 GTR,McLaren F1 GTR,covered-exact,other,6,mclaren-f1-gtr,legacy-controls-candidate-available,No verification needed; exact runtime identity is curated.,stored-car-file,,,McLaren F1 GTR.shcarsettings
McLaren F1 GTR - Low Downforce,McLaren F1 GTR - Low Downforce,covered-exact,other,6,mclaren-f1-gtr,not-applicable,No verification needed; exact runtime identity is curated.,stored-car-file,,,McLaren F1 GTR - Low Downforce.shcarsettings
McLaren Honda MP4/4,McLaren Honda MP4/4,covered-exact,open-wheel,6,mclaren-honda-mp4-4,not-applicable,No verification needed; exact runtime identity is curated.,stored-car-file,,,McLaren Honda MP4_4.shcarsettings
McLaren Honda MP4/5B,McLaren Honda MP4/5B,covered-exact,open-wheel,6,mclaren-honda-mp4-5b,not-applicable,No verification needed; exact runtime identity is curated.,stored-car-file,,,McLaren Honda MP4_5B.shcarsettings
McLaren Honda MP4/6,McLaren Honda MP4/6,covered-exact,open-wheel,6,mclaren-honda-mp4-6,not-applicable,No verification needed; exact runtime identity is curated.,stored-car-file,,,McLaren Honda MP4_6.shcarsettings
McLaren Mercedes MP4/12,McLaren Mercedes MP4/12,covered-exact,open-wheel,6,mclaren-mercedes-mp4-12,not-applicable,No verification needed; exact runtime identity is curated.,stored-car-file,,,McLaren Mercedes MP4_12.shcarsettings
McLaren MP4/8,McLaren MP4/8,retired-identity,open-wheel,6,mclaren-cosworth-mp4-8,legacy-controls-candidate-available,Reviewed as a retired pre-rename identity; superseded by McLaren Cosworth MP4/8 - High Downforce. No guided drive is scheduled.,stored-car-file,,,McLaren MP4_8.shcarsettings
Mercedes-AMG GT3,Mercedes-AMG GT3,covered-exact,gt,6,mercedes-amg-gt3,legacy-controls-candidate-available,No verification needed; exact runtime identity is curated.,stored-car-file,,,Mercedes-AMG GT3.shcarsettings
Mercedes-AMG GT3 Evo,Mercedes-AMG GT3 Evo,covered-exact,gt,6,mercedes-amg-gt3-evo,legacy-controls-candidate-available,No verification needed; exact runtime identity is curated.,stored-car-file,,,Mercedes-AMG GT3 Evo.shcarsettings
Mercedes-AMG GT4,Mercedes-AMG GT4,covered-exact,gt,6,mercedes-amg-gt4,legacy-controls-candidate-available,No verification needed; exact runtime identity is curated.,stored-car-file,,,Mercedes-AMG GT4.shcarsettings
Mercedes-Benz 190E 2.5-16 Evo II DTM,Mercedes-Benz 190E 2.5-16 Evo II DTM,covered-exact,touring-stock,5,mercedes-benz-190e-2-5-16-evo-ii-dtm,not-applicable,No verification needed; exact runtime identity is curated.,stored-car-file,,,Mercedes-Benz 190E 2.5-16 Evo II DTM.shcarsettings
Mercedes-Benz CLK LM,Mercedes-Benz CLK LM,covered-exact,other,6,mercedes-benz-clk-lm,legacy-controls-candidate-available,No verification needed; exact runtime identity is curated.,stored-car-file,,,Mercedes-Benz CLK LM.shcarsettings
Mercedes-Benz CLK LM - Low Downforce,Mercedes-Benz CLK LM - Low Downforce,covered-exact,other,6,mercedes-benz-clk-lm,not-applicable,No verification needed; exact runtime identity is curated.,stored-car-file,,,Mercedes-Benz CLK LM - Low Downforce.shcarsettings
MetalMoro AJR Chevrolet,MetalMoro AJR Chevrolet,covered-exact,prototype,6,metalmoro-ajr-chevrolet,not-applicable,No verification needed; exact runtime identity is curated.,stored-car-file,,,MetalMoro AJR Chevrolet.shcarsettings
MetalMoro AJR Gen2 Chevrolet,MetalMoro AJR Gen2 Chevrolet,covered-exact,prototype,6,metalmoro-ajr-gen2-chevrolet,not-applicable,No verification needed; exact runtime identity is curated.,stored-car-file,,,MetalMoro AJR Gen2 Chevrolet.shcarsettings
MetalMoro MRX Duratec P4,MetalMoro MRX Duratec P4,covered-exact,prototype,6,metalmoro-mrx-duratec-p4,not-applicable,No verification needed; exact runtime identity is curated.,stored-car-file,,,MetalMoro MRX Duratec P4.shcarsettings
Milano GT36,Milano GT36,covered-exact,gt,6,milano-gt36,not-applicable,No verification needed; exact runtime identity is curated.,stored-car-file,,,Milano GT36.shcarsettings
Milano GT55,Milano GT55,covered-exact,other,6,milano-gt55,not-applicable,No verification needed; exact runtime identity is curated.,stored-car-file,,,Milano GT55.shcarsettings
Nissan GT-R Nismo GT3,Nissan GT-R Nismo GT3,covered-exact,gt,6,nissan-gt-r-nismo-gt3,legacy-controls-candidate-available,No verification needed; exact runtime identity is curated.,stored-car-file,,,Nissan GT-R Nismo GT3.shcarsettings
Nissan R390 GT1,Nissan R390 GT1,covered-exact,gt,42,nissan-r390-gt1,legacy-controls-candidate-available,No verification needed; exact runtime identity is curated.,stored-car-file,,,Nissan R390 GT1.shcarsettings
Nissan R390 GT1 - Low Downforce,Nissan R390 GT1 - Low Downforce,covered-exact,gt,6,nissan-r390-gt1,not-applicable,No verification needed; exact runtime identity is curated.,stored-car-file,,,Nissan R390 GT1 - Low Downforce.shcarsettings
Nissan R89C,Nissan R89C,covered-exact,prototype,5,nissan-r89c,legacy-controls-candidate-available,No verification needed; exact runtime identity is curated.,stored-car-file,,,Nissan R89C.shcarsettings
Nissan R89C - Low Downforce,Nissan R89C - Low Downforce,covered-exact,prototype,4,nissan-r89c,not-applicable,No verification needed; exact runtime identity is curated.,stored-car-file,,,Nissan R89C - Low Downforce.shcarsettings
Oreca 07,Oreca 07,covered-exact,other,6,oreca-07,not-applicable,No verification needed; exact runtime identity is curated.,stored-car-file,,,Oreca 07.shcarsettings
Oreca 07 - Low Downforce,Oreca 07 - Low Downforce,covered-exact,other,6,oreca-07,not-applicable,No verification needed; exact runtime identity is curated.,stored-car-file,,,Oreca 07 - Low Downforce.shcarsettings
Panoz Esperante GTLM,Panoz Esperante GTLM,covered-exact,other,6,panoz-esperante-gtlm,not-applicable,No verification needed; exact runtime identity is curated.,stored-car-file,,,Panoz Esperante GTLM.shcarsettings
Porsche 911 GT1-98,Porsche 911 GT1-98,covered-exact,gt,35,porsche-911-gt1-98,legacy-controls-candidate-available,No verification needed; exact runtime identity is curated.,stored-car-file,,,Porsche 911 GT1-98.shcarsettings
Porsche 911 GT1-98 - Low Downforce,Porsche 911 GT1-98 - Low Downforce,covered-exact,gt,6,porsche-911-gt1-98,not-applicable,No verification needed; exact runtime identity is curated.,stored-car-file,,,Porsche 911 GT1-98 - Low Downforce.shcarsettings
Porsche 911 GT3 R,Porsche 911 GT3 R,covered-exact,gt,6,porsche-911-gt3-r,legacy-controls-candidate-available,No verification needed; exact runtime identity is curated.,stored-car-file,,,Porsche 911 GT3 R.shcarsettings
Porsche 911 RSR 1974,Porsche 911 RSR 1974,covered-exact,other,5,porsche-911-rsr-1974,not-applicable,No verification needed; exact runtime identity is curated.,stored-car-file,,,Porsche 911 RSR 1974.shcarsettings
Porsche 911 RSR 74,Porsche 911 RSR 74,retired-identity,other,5,porsche-911-rsr-1974,not-applicable,Reviewed as a retired pre-rename identity; superseded by Porsche 911 RSR 1974. No guided drive is scheduled.,stored-car-file,,,Porsche 911 RSR 74.shcarsettings
Porsche 911 RSR GTE,Porsche 911 RSR GTE,covered-exact,gt,6,porsche-911-rsr-gte,not-applicable,No verification needed; exact runtime identity is curated.,stored-car-file,,,Porsche 911 RSR GTE.shcarsettings
Porsche 935/77,Porsche 935/77,third-party-content,other,4,,not-applicable,Reviewed as third-party content that AMS2 never shipped; outside the curated scope of official simulator cars.,stored-car-file,,,Porsche 935_77.shcarsettings
Porsche 962C,Porsche 962C,covered-exact,prototype,5,porsche-962c,legacy-controls-candidate-available,No verification needed; exact runtime identity is curated.,stored-car-file,,,Porsche 962C.shcarsettings
Porsche 962C - Low Downforce,Porsche 962C - Low Downforce,covered-exact,prototype,5,porsche-962c,not-applicable,No verification needed; exact runtime identity is curated.,stored-car-file,,,Porsche 962C - Low Downforce.shcarsettings
Porsche 963,Porsche 963,covered-exact,prototype,7,porsche-963,legacy-controls-candidate-available,No verification needed; exact runtime identity is curated.,stored-car-file,,,Porsche 963.shcarsettings
Porsche 963 - Low Downforce,Porsche 963 - Low Downforce,covered-exact,prototype,10,porsche-963,not-applicable,No verification needed; exact runtime identity is curated.,stored-car-file,,,Porsche 963 - Low Downforce.shcarsettings
Porsche 992 GT3 R,Porsche 992 GT3 R,covered-exact,gt,6,porsche-992-gt3-r,legacy-controls-candidate-available,No verification needed; exact runtime identity is curated.,stored-car-file,,,Porsche 992 GT3 R.shcarsettings
Porsche 992 GT3 R - Low Downforce,Porsche 992 GT3 R - Low Downforce,covered-exact,gt,3,porsche-992-gt3-r,not-applicable,No verification needed; exact runtime identity is curated.,stored-car-file,,,Porsche 992 GT3 R - Low Downforce.shcarsettings
Porsche 996 GT3 RSR,Porsche 996 GT3 RSR,covered-exact,gt,6,porsche-996-gt3-rsr,not-applicable,No verification needed; exact runtime identity is curated.,stored-car-file,,,Porsche 996 GT3 RSR.shcarsettings
Porsche Cayman GT4 Clubsport MR,Porsche Cayman GT4 Clubsport MR,covered-exact,gt,6,porsche-cayman-gt4-clubsport-mr,not-applicable,No verification needed; exact runtime identity is curated.,stored-car-file,,,Porsche Cayman GT4 Clubsport MR.shcarsettings
Puma GTB,Puma GTB,covered-exact,club-road,4,puma-gtb,legacy-controls-candidate-available,No verification needed; exact runtime identity is curated.,stored-car-file,,,Puma GTB.shcarsettings
Puma GTE,Puma GTE,covered-exact,gt,150,puma-gte,legacy-controls-candidate-available,No verification needed; exact runtime identity is curated.,stored-car-file,,,Puma GTE.shcarsettings
Puma P052,Puma P052,covered-exact,club-road,5,puma-p052,legacy-controls-candidate-available,No verification needed; exact runtime identity is curated.,stored-car-file,,,Puma P052.shcarsettings
Renault R25 - High Downforce,Renault R25 - High Downforce,covered-exact,other,6,renault-r25,not-applicable,No verification needed; exact runtime identity is curated.,stored-car-file,,,Renault R25 - High Downforce.shcarsettings
Renault R26 - High Downforce,Renault R26 - High Downforce,covered-exact,other,7,renault-r26,not-applicable,No verification needed; exact runtime identity is curated.,stored-car-file,,,Renault R26 - High Downforce.shcarsettings
Renault R28 - High Downforce,Renault R28 - High Downforce,covered-exact,other,7,renault-r28,not-applicable,No verification needed; exact runtime identity is curated.,stored-car-file,,,Renault R28 - High Downforce.shcarsettings
Reynard 2Ki Ford-Cosworth,Reynard 2Ki Ford-Cosworth,covered-exact,open-wheel,6,reynard-2ki-ford-cosworth,legacy-controls-candidate-available,No verification needed; exact runtime identity is curated.,stored-car-file,,,Reynard 2Ki Ford-Cosworth.shcarsettings
Reynard 2Ki Honda,Reynard 2Ki Honda,covered-exact,open-wheel,6,reynard-2ki-honda,legacy-controls-candidate-available,No verification needed; exact runtime identity is curated.,stored-car-file,,,Reynard 2Ki Honda.shcarsettings
Reynard 95i Ford-Cosworth,Reynard 95i Ford-Cosworth,covered-exact,open-wheel,6,reynard-95i-ford-cosworth,legacy-controls-candidate-available,No verification needed; exact runtime identity is curated.,stored-car-file,,,Reynard 95i Ford-Cosworth.shcarsettings
Reynard 95i Ford-Cosworth - Speedway,Reynard 95i Ford-Cosworth - Speedway,covered-exact,open-wheel,6,reynard-95i-ford-cosworth,not-applicable,No verification needed; exact runtime identity is curated.,stored-car-file,,,Reynard 95i Ford-Cosworth - Speedway.shcarsettings
Reynard 95i Mercedes-Benz,Reynard 95i Mercedes-Benz,covered-exact,open-wheel,6,reynard-95i-mercedes-benz,legacy-controls-candidate-available,No verification needed; exact runtime identity is curated.,stored-car-file,,,Reynard 95i Mercedes-Benz.shcarsettings
Reynard 98i Ford-Cosworth,Reynard 98i Ford-Cosworth,covered-exact,open-wheel,6,reynard-98i-ford-cosworth,legacy-controls-candidate-available,No verification needed; exact runtime identity is curated.,stored-car-file,,,Reynard 98i Ford-Cosworth.shcarsettings
Saleen S7-R GT1,Saleen S7-R GT1,covered-exact,gt,6,saleen-s7-r-gt1,not-applicable,No verification needed; exact runtime identity is curated.,stored-car-file,,,Saleen S7-R GT1.shcarsettings
Sauber Mercedes C9,Sauber Mercedes C9,covered-exact,other,5,sauber-mercedes-c9,legacy-controls-candidate-available,No verification needed; exact runtime identity is curated.,stored-car-file,,,Sauber Mercedes C9.shcarsettings
Sauber Mercedes C9 - Low Downforce,Sauber Mercedes C9 - Low Downforce,covered-exact,other,5,sauber-mercedes-c9,not-applicable,No verification needed; exact runtime identity is curated.,stored-car-file,,,Sauber Mercedes C9 - Low Downforce.shcarsettings
Spyker C8 Spyder GT2-R,Spyker C8 Spyder GT2-R,covered-exact,other,6,spyker-c8-spyder-gt2-r,not-applicable,No verification needed; exact runtime identity is curated.,stored-car-file,,,Spyker C8 Spyder GT2-R.shcarsettings
Stock USA Gen1 - Speedway ,Stock USA Gen1 - Speedway ,covered-exact,other,4,stock-usa-gen1,not-applicable,No verification needed; exact runtime identity is curated.,stored-car-file,,,Stock USA Gen1 - Speedway .shcarsettings
Stock USA Gen2 - Superspeedway,Stock USA Gen2 - Superspeedway,covered-exact,other,10,stock-usa-gen2,not-applicable,No verification needed; exact runtime identity is curated.,stored-car-file,,,Stock USA Gen2 - Superspeedway.shcarsettings
Stock USA Gen3 - Superspeedway,Stock USA Gen3 - Superspeedway,covered-exact,other,5,stock-usa-gen3,not-applicable,No verification needed; exact runtime identity is curated.,stored-car-file,,,Stock USA Gen3 - Superspeedway.shcarsettings
Stock USA Gen3 LM,Stock USA Gen3 LM,covered-exact,other,5,stock-usa-gen3-lm,not-applicable,No verification needed; exact runtime identity is curated.,stored-car-file,,,Stock USA Gen3 LM.shcarsettings
Super Trophy Trucks,Super Trophy Trucks,covered-exact,other,3,super-trophy-trucks,not-applicable,No verification needed; exact runtime identity is curated.,stored-car-file,,,Super Trophy Trucks.shcarsettings
Super V8,Super V8,covered-exact,touring-stock,6,super-v8,not-applicable,No verification needed; exact runtime identity is curated.,stored-car-file,,,Super V8.shcarsettings
Toyota Corolla Stock Car 2022,Toyota Corolla Stock Car 2022,covered-exact,touring-stock,6,toyota-corolla-stock-car-2022,not-applicable,No verification needed; exact runtime identity is curated.,stored-car-file,,,Toyota Corolla Stock Car 2022.shcarsettings
Toyota Corolla Stock Car 2024,Toyota Corolla Stock Car 2024,covered-exact,touring-stock,6,toyota-corolla-stock-car-2024,not-applicable,No verification needed; exact runtime identity is curated.,stored-car-file,,,Toyota Corolla Stock Car 2024.shcarsettings
TVR Tuscan T400R GT2,TVR Tuscan T400R GT2,covered-exact,other,6,tvr-tuscan-t400r-gt2,not-applicable,No verification needed; exact runtime identity is curated.,stored-car-file,,,TVR Tuscan T400R GT2.shcarsettings
Zakspeed Ford Capri Group 5,Zakspeed Ford Capri Group 5,third-party-content,touring-stock,5,,not-applicable,Reviewed as third-party content that AMS2 never shipped; outside the curated scope of official simulator cars.,stored-car-file,,,Zakspeed Ford Capri Group 5.shcarsettings
